[
  {
    "url": "https://www.asker.kommune.no",
    "domain": "www.asker.kommune.no",
    "timestamp": "2025-11-16T11:47:02.415Z",
    "performanceScore": 58,
    "transferBytes": 1184443,
    "requests": 63,
    "jsBytes": 758364,
    "co2_onebyte_grams": 0.344451422159,
    "co2_swd_grams": 0.45373808266020005,
    "greenHosting": true,
    "fcp_ms": 6986.976264999999,
    "lcp_ms": 10022.243740000002,
    "speed_index_ms": 6986.976264999999,
    "tbt_ms": 103,
    "cls": 0
  },
  {
    "url": "https://www.aurskog-holand.kommune.no",
    "domain": "www.aurskog-holand.kommune.no",
    "timestamp": "2025-11-16T11:47:46.061Z",
    "performanceScore": 52,
    "transferBytes": 5781495,
    "requests": 62,
    "jsBytes": 1302092,
    "co2_onebyte_grams": 1.6813339054349998,
    "co2_swd_grams": 2.214783198693,
    "greenHosting": false,
    "fcp_ms": 13108.668,
    "lcp_ms": 31341.18399999998,
    "speed_index_ms": 13108.668,
    "tbt_ms": 196.8427500000007,
    "cls": 0
  },
  {
    "url": "https://www.baerum.kommune.no",
    "domain": "www.baerum.kommune.no",
    "timestamp": "2025-11-16T11:48:25.881Z",
    "performanceScore": 69,
    "transferBytes": 1179112,
    "requests": 45,
    "jsBytes": 651214,
    "co2_onebyte_grams": 0.342901098056,
    "co2_swd_grams": 0.45169587571680003,
    "greenHosting": true,
    "fcp_ms": 2541.02,
    "lcp_ms": 10565.730979999998,
    "speed_index_ms": 4536.302902744319,
    "tbt_ms": 50,
    "cls": 0
  },
  {
    "url": "https://www.eidsvoll.kommune.no",
    "domain": "www.eidsvoll.kommune.no",
    "timestamp": "2025-11-16T11:49:12.462Z",
    "performanceScore": 63,
    "transferBytes": 1389065,
    "requests": 39,
    "jsBytes": 770317,
    "co2_onebyte_grams": 0.40395815984499994,
    "co2_swd_grams": 0.5321249648910001,
    "greenHosting": false,
    "fcp_ms": 4719.998,
    "lcp_ms": 6117.864,
    "speed_index_ms": 5777.507442720515,
    "tbt_ms": 148,
    "cls": 0.005622565804037638
  },
  {
    "url": "https://www.enebakk.kommune.no",
    "domain": "www.enebakk.kommune.no",
    "timestamp": "2025-11-16T11:49:52.186Z",
    "performanceScore": 60,
    "transferBytes": 3205860,
    "requests": 47,
    "jsBytes": 676896,
    "co2_onebyte_grams": 0.9323057641799999,
    "co2_swd_grams": 1.228105337004,
    "greenHosting": false,
    "fcp_ms": 6286.821,
    "lcp_ms": 13852.085,
    "speed_index_ms": 6286.821,
    "tbt_ms": 62,
    "cls": 0
  },
  {
    "url": "https://www.frogn.kommune.no",
    "domain": "www.frogn.kommune.no",
    "timestamp": "2025-11-16T11:55:09.111Z",
    "performanceScore": 59,
    "transferBytes": 1130974,
    "requests": 36,
    "jsBytes": 432211,
    "co2_onebyte_grams": 0.32890194186199995,
    "co2_swd_grams": 0.43325510328360006,
    "greenHosting": false,
    "fcp_ms": 5956.782,
    "lcp_ms": 8337.224999999999,
    "speed_index_ms": 5956.782,
    "tbt_ms": 126,
    "cls": 0
  },
  {
    "url": "https://www.gjerdrum.kommune.no",
    "domain": "www.gjerdrum.kommune.no",
    "timestamp": "2025-11-16T11:55:51.100Z",
    "performanceScore": 65,
    "transferBytes": 1452034,
    "requests": 34,
    "jsBytes": 770341,
    "co2_onebyte_grams": 0.42227036364199994,
    "co2_swd_grams": 0.5562472175676001,
    "greenHosting": false,
    "fcp_ms": 4559.358,
    "lcp_ms": 5895.147,
    "speed_index_ms": 5284.944530647411,
    "tbt_ms": 124.5,
    "cls": 0
  },
  {
    "url": "https://www.hurdal.kommune.no",
    "domain": "www.hurdal.kommune.no",
    "timestamp": "2025-11-16T11:56:51.845Z",
    "performanceScore": 64,
    "transferBytes": 1527299,
    "requests": 39,
    "jsBytes": 770312,
    "co2_onebyte_grams": 0.4441584040869999,
    "co2_swd_grams": 0.5850798391386001,
    "greenHosting": false,
    "fcp_ms": 4695.307500000001,
    "lcp_ms": 5967.576000000001,
    "speed_index_ms": 5544.5639695857535,
    "tbt_ms": 128,
    "cls": 0
  },
  {
    "url": "https://www.jevnaker.kommune.no",
    "domain": "www.jevnaker.kommune.no",
    "timestamp": "2025-11-16T11:57:42.135Z",
    "performanceScore": 65,
    "transferBytes": 3103765,
    "requests": 82,
    "jsBytes": 464166,
    "co2_onebyte_grams": 0.9026152109449999,
    "co2_swd_grams": 1.1889946414710002,
    "greenHosting": true,
    "fcp_ms": 3252.178,
    "lcp_ms": 10334.14725,
    "speed_index_ms": 5497.496745924906,
    "tbt_ms": 30,
    "cls": 0
  },
  {
    "url": "https://www.lillestrom.kommune.no",
    "domain": "www.lillestrom.kommune.no",
    "timestamp": "2025-11-16T11:58:23.184Z",
    "performanceScore": 69,
    "transferBytes": 1586083,
    "requests": 70,
    "jsBytes": 248113,
    "co2_onebyte_grams": 0.46125355547899993,
    "co2_swd_grams": 0.6075988961562001,
    "greenHosting": false,
    "fcp_ms": 2340.52085,
    "lcp_ms": 8919.652880000001,
    "speed_index_ms": 4853.303065336369,
    "tbt_ms": 4.5,
    "cls": 0.05924270328137993
  },
  {
    "url": "https://www.lunner.kommune.no",
    "domain": "www.lunner.kommune.no",
    "timestamp": "2025-11-16T11:59:01.430Z",
    "performanceScore": 74,
    "transferBytes": 1159440,
    "requests": 46,
    "jsBytes": 273108,
    "co2_onebyte_grams": 0.33718022472,
    "co2_swd_grams": 0.44415989841600007,
    "greenHosting": true,
    "fcp_ms": 2427.2460000000005,
    "lcp_ms": 6631.787000000002,
    "speed_index_ms": 2427.2460000000005,
    "tbt_ms": 9,
    "cls": 0.0020052943368560174
  },
  {
    "url": "https://www.lorenskog.kommune.no",
    "domain": "www.lorenskog.kommune.no",
    "timestamp": "2025-11-16T11:59:43.942Z",
    "performanceScore": 54,
    "transferBytes": 2266007,
    "requests": 59,
    "jsBytes": 830711,
    "co2_onebyte_grams": 0.658984293691,
    "co2_swd_grams": 0.8680651339698,
    "greenHosting": false,
    "fcp_ms": 9244.4815,
    "lcp_ms": 14480.724999999999,
    "speed_index_ms": 9244.4815,
    "tbt_ms": 103,
    "cls": 0
  },
  {
    "url": "https://www.nannestad.kommune.no",
    "domain": "www.nannestad.kommune.no",
    "timestamp": "2025-11-16T12:00:25.639Z",
    "performanceScore": 65,
    "transferBytes": 1854314,
    "requests": 38,
    "jsBytes": 770321,
    "co2_onebyte_grams": 0.5392586172819999,
    "co2_swd_grams": 0.7103532031595999,
    "greenHosting": false,
    "fcp_ms": 4610.042,
    "lcp_ms": 5200.561000000001,
    "speed_index_ms": 5417.26255203449,
    "tbt_ms": 176,
    "cls": 0
  },
  {
    "url": "https://www.nes.kommune.no",
    "domain": "www.nes.kommune.no",
    "timestamp": "2025-11-16T12:01:11.433Z",
    "performanceScore": 64,
    "transferBytes": 1734584,
    "requests": 51,
    "jsBytes": 1109671,
    "co2_onebyte_grams": 0.5044395767919999,
    "co2_swd_grams": 0.6644868671376001,
    "greenHosting": false,
    "fcp_ms": 4827.370499999999,
    "lcp_ms": 6507.9855,
    "speed_index_ms": 5463.8872373532395,
    "tbt_ms": 126.5,
    "cls": 0
  },
  {
    "url": "https://www.nesodden.kommune.no",
    "domain": "www.nesodden.kommune.no",
    "timestamp": "2025-11-16T12:01:55.132Z",
    "performanceScore": 58,
    "transferBytes": 5772565,
    "requests": 96,
    "jsBytes": 778145,
    "co2_onebyte_grams": 1.6787369453449998,
    "co2_swd_grams": 2.2113622817910006,
    "greenHosting": false,
    "fcp_ms": 7198.87474,
    "lcp_ms": 16178.853800000004,
    "speed_index_ms": 7198.87474,
    "tbt_ms": 12,
    "cls": 0
  },
  {
    "url": "https://www.nittedal.kommune.no",
    "domain": "www.nittedal.kommune.no",
    "timestamp": "2025-11-16T12:02:37.647Z",
    "performanceScore": 42,
    "transferBytes": 2487960,
    "requests": 47,
    "jsBytes": 1238905,
    "co2_onebyte_grams": 0.7235311114799999,
    "co2_swd_grams": 0.953091199944,
    "greenHosting": false,
    "fcp_ms": 6194.404,
    "lcp_ms": 10142.667,
    "speed_index_ms": 6194.404,
    "tbt_ms": 225.4944999999998,
    "cls": 0.27292381690654427
  },
  {
    "url": "https://www.nordrefollo.kommune.no",
    "domain": "www.nordrefollo.kommune.no",
    "timestamp": "2025-11-16T12:03:23.029Z",
    "performanceScore": 50,
    "transferBytes": 3155385,
    "requests": 68,
    "jsBytes": 1625652,
    "co2_onebyte_grams": 0.9176269780049999,
    "co2_swd_grams": 1.2087693033390001,
    "greenHosting": false,
    "fcp_ms": 14555.442,
    "lcp_ms": 18838.8255,
    "speed_index_ms": 14555.442,
    "tbt_ms": 258,
    "cls": 0
  },
  {
    "url": "https://www.ralingen.kommune.no",
    "domain": "www.ralingen.kommune.no",
    "timestamp": "2025-11-16T12:05:12.513Z",
    "performanceScore": 56,
    "transferBytes": 6763133,
    "requests": 50,
    "jsBytes": 602524,
    "co2_onebyte_grams": 1.9668069971289999,
    "co2_swd_grams": 2.5908304580262005,
    "greenHosting": false,
    "fcp_ms": 8616.8795,
    "lcp_ms": 23917.345756744387,
    "speed_index_ms": 8981.97932818165,
    "tbt_ms": 135.4999999999991,
    "cls": 0
  },
  {
    "url": "https://www.ullensaker.kommune.no",
    "domain": "www.ullensaker.kommune.no",
    "timestamp": "2025-11-16T12:06:45.411Z",
    "performanceScore": 65,
    "transferBytes": 1594363,
    "requests": 40,
    "jsBytes": 872377,
    "co2_onebyte_grams": 0.46366148711899996,
    "co2_swd_grams": 0.6107708101482,
    "greenHosting": false,
    "fcp_ms": 5107.902,
    "lcp_ms": 5804.737000000001,
    "speed_index_ms": 5107.902,
    "tbt_ms": 105,
    "cls": 0.008234077695847197
  },
  {
    "url": "https://www.vestby.kommune.no",
    "domain": "www.vestby.kommune.no",
    "timestamp": "2025-11-16T12:07:37.795Z",
    "performanceScore": 64,
    "transferBytes": 920764,
    "requests": 60,
    "jsBytes": 386109,
    "co2_onebyte_grams": 0.267770141132,
    "co2_swd_grams": 0.3527275621896001,
    "greenHosting": true,
    "fcp_ms": 3634.1600000000008,
    "lcp_ms": 7793.9025,
    "speed_index_ms": 5738.582788642386,
    "tbt_ms": 13,
    "cls": 0
  },
  {
    "url": "https://www.as.kommune.no",
    "domain": "www.as.kommune.no",
    "timestamp": "2025-11-16T12:08:41.040Z",
    "performanceScore": 72,
    "transferBytes": 1211869,
    "requests": 47,
    "jsBytes": 249678,
    "co2_onebyte_grams": 0.35242725949699993,
    "co2_swd_grams": 0.4642444731366,
    "greenHosting": false,
    "fcp_ms": 2754.2710000000006,
    "lcp_ms": 7122.4085000000005,
    "speed_index_ms": 2856.307019566228,
    "tbt_ms": 0,
    "cls": 0.0009715726896401236
  }
]