{
  "url": "www.asker.kommune.no",
  "domain": "www.asker.kommune.no",
  "checkedAt": "2025-11-16T11:46:18.304Z",
  "hosted_by": "Cloudflare",
  "hosted_by_website": "https://www.cloudflare.com",
  "listed_provider": true,
  "partner": null,
  "green": true,
  "hosted_by_id": 779,
  "modified": "2025-11-15T15:42:49",
  "supporting_documents": [
    {
      "id": 18,
      "title": "Blog post - The Climate and Cloudflare",
      "link": "https://blog.cloudflare.com/the-climate-and-cloudflare/"
    },
    {
      "id": 1264,
      "title": "Cloudflare 2023 Emissions Inventory",
      "link": "https://s3.nl-ams.scw.cloud/tgwf-web-app-live/uploads/Cloudflare_2023_Emissions_Inventory.pdf?X-Amz-Algorithm=AWS4-HMAC-SHA256&X-Amz-Credential=SCWT1WBAW6NZ5SW5GYJ8%2F20251116%2Fnl-ams%2Fs3%2Faws4_request&X-Amz-Date=20251116T114618Z&X-Amz-Expires=3600&X-Amz-SignedHeaders=host&X-Amz-Signature=0016974ffc6e3715e20ddcc82e2949d08b1be012637cf1ce8dea9230a032d276"
    }
  ]
}